<?xml version="1.0" encoding="UTF-8"?>

<!-- MyBatis에서 사용할 매퍼 설정: DTD(Document Type Definition) 명시 -->
<!DOCTYPE mapper PUBLIC "-//mybatis.org//DTD Mapper 3.0//EN" 
  "http://mybatis.org/dtd/mybatis-3-mapper.dtd">

<!-- 이 XML 파일이 연결될 Mapper 인터페이스 지정 -->
<mapper namespace="com.trip.webpage.mapper.MemberMapper">

	<select id="selectList" resultType="MemberVO" parameterType="SearchHelper">
		SELECT USER_ID, USER_NAME, REG_DATE, EMAIL, BLOCK_CODE, ROW_NUMBER FROM (
			SELECT B.USER_ID, B.USER_NAME, B.REG_DATE, B.EMAIL, B.BLOCK_CODE, 
				ROW_NUMBER() OVER (ORDER BY BOARD_NO) AS ROW_NUMBER
				FROM MEMBER B
			ORDER BY B.USER_NAME
		) OFFSET #{offset} ROWS FETCH NEXT #{pageSize} ROWS ONLY
	</select>

	<select id="selectListCount" resultType="int" parameterType="SearchHelper">
		SELECT COUNT(*) AS cnt FROM MEMBER
	</select>

	<!-- 
	 - selectMember: Mapper 인터페이스에서 호출할 메서드 ID
	 - resultType: 결과를 매핑할 클래스 타입 (MemberVO)
	 - 실행할 SQL 문장을 작성
	 -->
	<select id="selectMember" resultType="MemberVO">
		SELECT * FROM MEMBER  
	</select>
	
	<!-- 
    로그인 시 아이디/비밀번호를 비교하여 해당 회원 정보를 조회하는 쿼리
    - id: Mapper 인터페이스에서 호출할 메서드명 (userLogin)
    - resultType: SQL 실행 결과를 매핑할 VO 클래스 (MemberVO)
    - parameterType: 쿼리 실행 시 전달할 파라미터 객체 타입 (LoginRequest)
	-->
	<select id="userLogin" resultType="MemberVO" parameterType="LoginRequest">
        SELECT 
            *
        FROM MEMBER
        WHERE USER_ID = #{userId}
        AND USER_PW = STANDARD_HASH(#{userPw}, 'SHA256')
    </select>
</mapper>



<!-- 
멥퍼 작동 흐름 요약:

1. MemberMapper.xml
   - SQL 쿼리 작성 및 결과 매핑 방식 지정
   - <select> 등의 태그로 SQL 실행 정의

2. MemberMapper.java (인터페이스)
   - XML의 쿼리를 자바 메서드처럼 호출할 수 있도록 선언

3. MemberVO.java
   - SELECT 결과를 저장할 데이터 객체 (VO)

4. MemberService.java / MemberServiceImpl.java
   - Mapper 호출 로직을 포함한 비즈니스 처리 담당

5. MemberController.java
   - 사용자 요청을 받아 서비스 호출 및 뷰 전달

6. test.html
   - 최종적으로 사용자에게 데이터를 출력하는 화면 (Thymeleaf 등 사용)
 -->
